{
  "n_beliefs": 9993,
  "embedding_dim": 1536,
  "n_components_analyzed": 500,
  "variance_explained": {
    "50%": 46,
    "80%": 200,
    "90%": 380,
    "95%": 501,
    "99%": 501
  },
  "kaiser_criterion": 251,
  "top_10_eigenvalues": [
    62.30075561027637,
    43.695572334623776,
    37.596540836437505,
    35.3923334689427,
    33.75148198150531,
    28.61737160829583,
    26.634753768110972,
    24.971510979330155,
    24.271452447583705,
    23.132588847284183
  ],
  "top_10_variance_ratio": [
    0.0405563288871143,
    0.028444791482133896,
    0.02447446520101073,
    0.023039577966404313,
    0.021971422180370074,
    0.01862923689226286,
    0.017338599236325115,
    0.01625586723893359,
    0.015800145574314545,
    0.015058772114572879
  ],
  "cumulative_variance": [
    0.0405563288871143,
    0.0690011203692482,
    0.09347558557025892,
    0.11651516353666323,
    0.13848658571703332,
    0.15711582260929619,
    0.1744544218456213,
    0.1907102890845549,
    0.20651043465886945,
    0.22156920677344233,
    0.23600639261475492,
    0.24970356705375935,
    0.26230881181672167,
    0.27389148368507416,
    0.2847640676248544,
    0.2953963754582803,
    0.30579524909575323,
    0.31598605618745457,
    0.3259443563996348,
    0.3354534403465533,
    0.3447311025679663,
    0.3533035614891536,
    0.3616376094919025,
    0.3696740379506233,
    0.3776059155715615,
    0.3852804955599241,
    0.39253522639899396,
    0.3995681739386962,
    0.40635790543098343,
    0.4131063180883958,
    0.4197232932574472,
    0.42626820466391746,
    0.4326508119707892,
    0.438829458664042,
    0.4448088572535737,
    0.4505670677163159,
    0.4562619804092989,
    0.4617954537277155,
    0.4670809593576354,
    0.472298100875853,
    0.477462793051333,
    0.482575557824482,
    0.48749062541744914,
    0.4922087306146167,
    0.4968989069443374,
    0.5014739427016661,
    0.5059789401889194,
    0.510464593531281,
    0.5148323798286454,
    0.5191442900212687,
    0.5233506374326876,
    0.527427853366011,
    0.531431644950088,
    0.5353445087542599,
    0.5392295767053722,
    0.5430379904010186,
    0.5467810868360659,
    0.5504937212173905,
    0.5541444361576333,
    0.557764648983828,
    0.5613006976156919,
    0.5647426537958096,
    0.5681526583433729,
    0.5715235059561632,
    0.5748387390026198,
    0.57813026972163,
    0.5813614997478268,
    0.5845361756065679,
    0.587681686895457,
    0.5907988127550442,
    0.5938699545781481,
    0.596897909266871,
    0.5999012090304812,
    0.6028261659366236,
    0.6057025416669878,
    0.6085544395218054,
    0.6113483252763782,
    0.6141150189462184,
    0.6168464586458755,
    0.6195377276393923,
    0.6222041477792315,
    0.6247970794809461,
    0.6273548757282595,
    0.6299005969752971,
    0.6324228441021559,
    0.6349091818329448,
    0.6373862284000628,
    0.6398019711274495,
    0.6421897993178974,
    0.6445603632251798,
    0.6468865864276464,
    0.6491970905213462,
    0.6515000263833849,
    0.6537780369665572,
    0.6559879671561449,
    0.6581828696497808,
    0.6603324379765392,
    0.6624692954126347,
    0.6645654429395925,
    0.6666482829283505,
    0.6687064685689326,
    0.6707510027501156,
    0.6727654600978471,
    0.6747587198664482,
    0.676722044979839,
    0.6786725989799668,
    0.6806079795133526,
    0.6825176194315824,
    0.684400072342492,
    0.6862805451558137,
    0.6881452007714091,
    0.6899763872665655,
    0.6917979866210439,
    0.6935940121397365,
    0.6953697768103921,
    0.6971126759709736,
    0.6988507725741532,
    0.7005811045696664,
    0.7022946705633679,
    0.7039822131142739,
    0.7056447671032181,
    0.7072717183348362,
    0.7088913161027787,
    0.7105051297035919,
    0.7120908679376465,
    0.7136629820729444,
    0.7152150128718547,
    0.7167636496348972,
    0.7183060177831821,
    0.7198377186205808,
    0.721349299292493,
    0.7228359587076971,
    0.7243072240461292,
    0.7257728840967832,
    0.7272356068464475,
    0.7286857869392015,
    0.7301249897153843,
    0.7315575560910597,
    0.7329706610892237,
    0.7343744842916438,
    0.7357516748978173,
    0.7371145693441818,
    0.7384713988149246,
    0.739815663994429,
    0.7411476501249825,
    0.7424767885496013,
    0.743785005091199,
    0.7450885125098449,
    0.746375230943548,
    0.7476550810650294,
    0.7489186987720768,
    0.7501770890838035,
    0.7514319890165582,
    0.7526796222985543,
    0.7539228191584181,
    0.7551452171628864,
    0.7563568256361243,
    0.7575594769377182,
    0.7587536909149311,
    0.7599397296590864,
    0.7611025851494762,
    0.7622591242147063,
    0.7634105675939175,
    0.7645516342963632,
    0.7656873610645625,
    0.7668159136065016,
    0.7679394801695524,
    0.7690477064029572,
    0.7701521918395735,
    0.7712474002953518,
    0.7723385380897968,
    0.7734218123777963,
    0.7744980888344314,
    0.7755710424638017,
    0.7766365142685744,
    0.7776946300131151,
    0.7787390109391734,
    0.7797704046196887,
    0.7807921038844181,
    0.7818094645312071,
    0.7828204190897413,
    0.7838201364175329,
    0.7848180052387348,
    0.7858089233546061,
    0.7867992538333725,
    0.7877781877750596,
    0.7887549190511735,
    0.7897210701080248,
    0.7906719630541018,
    0.7916142142509761,
    0.7925525542902521,
    0.7934838633194643,
    0.7944078042745493,
    0.79533041151917,
    0.7962505951204117,
    0.7971564786524197,
    0.7980561479157496,
    0.7989504708378138,
    0.7998389903316757,
    0.8007167818386675,
    0.8015920794198252,
    0.8024622344248851,
    0.803322683282995,
    0.8041791442643134,
    0.805032574078857,
    0.8058833951203389,
    0.8067278388806828,
    0.8075667691395476,
    0.8083960329198091,
    0.8092202662945345,
    0.8100420054663559,
    0.810856452629908,
    0.811665796220837,
    0.8124745536660454,
    0.8132746206740679,
    0.8140705744109628,
    0.8148609730879197,
    0.8156464478820935,
    0.8164273327300162,
    0.8172032845800629,
    0.817969670212332,
    0.8187337777041634,
    0.8194910737911171,
    0.8202467822001982,
    0.8209995111609871,
    0.8217466500543844,
    0.8224891807733066,
    0.8232279266017678,
    0.8239614935679938,
    0.8246929075239872,
    0.8254227548585424,
    0.8261480144594162,
    0.8268655107807328,
    0.8275777193279699,
    0.8282822930707312,
    0.8289860512612838,
    0.8296837382440089,
    0.8303777878997838,
    0.8310693730805393,
    0.8317584696762774,
    0.832443377862858,
    0.8331256807877281,
    0.83380511098646,
    0.8344816230674439,
    0.8351549614107178,
    0.83581895603078,
    0.8364785576069304,
    0.8371375164498807,
    0.8377947840389173,
    0.8384494742816179,
    0.839101549346353,
    0.8397461972489766,
    0.8403828769440569,
    0.8410171270095664,
    0.8416479067059272,
    0.8422779146225704,
    0.8429049273759417,
    0.8435282602585769,
    0.844149553113029,
    0.8447667839742686,
    0.8453788624767333,
    0.8459877753117884,
    0.8465917364693833,
    0.8471910881734219,
    0.8477887317242935,
    0.8483847888498417,
    0.8489766492411304,
    0.8495627033258267,
    0.8501477937399522,
    0.8507314757543106,
    0.8513144231839311,
    0.8518911311672417,
    0.852464681708759,
    0.8530341782946965,
    0.8536011314672873,
    0.8541664159395077,
    0.8547303735243834,
    0.8552931648433119,
    0.8558506741785051,
    0.8564047727912613,
    0.8569555990546667,
    0.8575049843970206,
    0.8580514969160085,
    0.8585956595059453,
    0.8591361790922143,
    0.8596754613847787,
    0.8602118579648591,
    0.8607463281019971,
    0.8612788867362771,
    0.8618070177922614,
    0.862333347179552,
    0.8628583838104962,
    0.863382617152143,
    0.8638995454779678,
    0.8644140369301153,
    0.8649253573126062,
    0.8654362494856987,
    0.8659446908705833,
    0.8664478645517043,
    0.8669478762363483,
