{
  "n_personas": 300,
  "n_beliefs": 300,
  "n_components": 299,
  "rating_mean": 3.9650777777777777,
  "rating_std": 1.2266541641371709,
  "variance_explained": {
    "50%": 9,
    "80%": 56,
    "90%": 93,
    "95%": 127,
    "99%": 189
  },
  "kaiser_criterion": 60,
  "top_20_eigenvalues": [
    86.20916516385462,
    17.593138050846793,
    13.706083203710609,
    10.855778517767002,
    6.731046723959295,
    5.564042871943954,
    5.172174327692477,
    4.47973539813815,
    4.448792658344979,
    3.825962224463709,
    3.5642107825774727,
    3.309892389479121,
    3.090867787763784,
    2.9958083988817767,
    2.8119729640720426,
    2.6553617011533297,
    2.580937885319824,
    2.433178252603203,
    2.4041787851289236,
    2.338222088008897
  ],
  "top_20_variance_ratio": [
    0.2864060042665837,
    0.05844831419114657,
    0.045534654198994134,
    0.036065308631248155,
    0.022362033005153662,
    0.01848498687456936,
    0.01718311248866723,
    0.014882676489370077,
    0.014779877831612763,
    0.0127106967234961,
    0.011841100266562939,
    0.010996198049491748,
    0.010268549650459683,
    0.009952741236285015,
    0.00934199906952823,
    0.008821701651609396,
    0.00857444919678475,
    0.008083558861426197,
    0.007987216186150536,
    0.007768093381274003
  ],
  "cumulative_variance": [
    0.2864060042665837,
    0.3448543184577303,
    0.39038897265672445,
    0.4264542812879726,
    0.44881631429312624,
    0.4673013011676956,
    0.4844844136563628,
    0.4993670901457329,
    0.5141469679773456,
    0.5268576647008417,
    0.5386987649674047,
    0.5496949630168964,
    0.559963512667356,
    0.569916253903641,
    0.5792582529731692,
    0.5880799546247787,
    0.5966544038215634,
    0.6047379626829896,
    0.6127251788691401,
    0.6204932722504142,
    0.6281049428717024,
    0.6352747263318509,
    0.6423904491941627,
    0.6493750259219796,
    0.6560199050641905,
    0.6623853780347698,
    0.6685948853548825,
    0.6746463710618957,
    0.680566117295087,
    0.6863659150665135,
    0.691996919920862,
    0.6975090564929984,
    0.7028636852456683,
    0.708060112639978,
    0.7132004254384733,
    0.7182849194209734,
    0.7233421856301256,
    0.7283102708535422,
    0.7331406807226771,
    0.7378428906098822,
    0.7424379196709556,
    0.7469345361520227,
    0.7513276584115078,
    0.7556942650606403,
    0.7599508181886262,
    0.7641617397959372,
    0.7683223726690465,
    0.7723267247361436,
    0.7762747572598666,
    0.7801992174558366,
    0.7841168609833408,
    0.7879149848207739,
    0.7916260962901647,
    0.7952439572045721,
    0.7988308682713549,
    0.8023767518596047,
    0.8058914431713243,
    0.8093717018290533,
    0.8127993806494567,
    0.8161584152442533,
    0.8194433490378431,
    0.8226513773839436,
    0.8257477057181882,
    0.8288418032408628,
    0.8319079229718943,
    0.8349385405836429,
    0.8379325899444746,
    0.8408517545255312,
    0.843720848148875,
    0.8464972299365019,
    0.8492454788705663,
    0.8519372377929355,
    0.8545938485035026,
    0.8572080849625394,
    0.8597874257838923,
    0.8623389774688366,
    0.8648632368651757,
    0.8673671010921381,
    0.8697893763289644,
    0.8721846579448906,
    0.8745651821610229,
    0.8768902809644754,
    0.8791688292688364,
    0.8814086799461459,
    0.8836279953226116,
    0.8858094936111085,
    0.8879726140819646,
    0.8900826350301512,
    0.8921533766474631,
    0.894195793694819,
    0.8961862709602714,
    0.8981584376820135,
    0.9001056251478953,
    0.9020102475766489,
    0.9038948265878827,
    0.9057495563522056,
    0.9075690633183043,
    0.9093475204016299,
    0.9110874948544523,
    0.9128094296909349,
    0.9145010014845469,
    0.916188559835701,
    0.9178508015898834,
    0.9194886524871635,
    0.9210928151317109,
    0.9226791763342705,
    0.924235579740969,
    0.925775336616108,
    0.9272895468138542,
    0.9287504782244487,
    0.9301841514991996,
    0.9316127875431913,
    0.9330249953070625,
    0.9343822132637125,
    0.9357206475034064,
    0.9370395047504718,
    0.9383446416781829,
    0.9396391517312704,
    0.9408947364773685,
    0.9421439659326013,
    0.943370815644873,
    0.944567601768145,
    0.9457464160134239,
    0.9469172547046405,
    0.9480416200773805,
    0.9491527374408314,
    0.9502566599922012,
    0.9513407012554015,
    0.9524050585528211,
    0.9534641608616076,
    0.9545017271760722,
    0.9555045024059441,
    0.9564772781893482,
    0.9574442570128074,
    0.958402135771772,
    0.9593269556978345,
    0.9602274575226066,
    0.9611082425675413,
    0.9619715058714811,
    0.9628082033198898,
    0.9636411709255611,
    0.9644675083613172,
    0.965283660059403,
    0.966093594921579,
    0.966881052589999,
    0.9676531490212137,
    0.9684182957961817,
    0.9691675802795106,
    0.9699104695980373,
    0.9706341010432017,
    0.9713432678050434,
    0.9720425737321517,
    0.9727214220373782,
    0.9733882226868328,
    0.9740396476566638,
    0.9746712963831966,
    0.9752987462766965,
    0.9759227088230972,
    0.9765225859783211,
    0.977114939024075,
    0.9776998047416113,
    0.9782747482509281,
    0.9788374167054211,
    0.9793939825903514,
    0.9799397651322802,
    0.9804815228638855,
    0.9810006799236243,
    0.9815109482325298,
    0.9820158084530467,
    0.9825132082823288,
    0.9829971414699964,
    0.9834745544106196,
    0.9839344444800898,
    0.9843834615501358,
    0.9848248350990335,
    0.985254906295869,
    0.9856772591983476,
    0.9860945455791061,
    0.9865037663079357,
    0.9869080750717731,
    0.9872996989240782,
    0.987686213521625,
    0.9880598936846183,
    0.988425516643949,
    0.9887893137490911,
    0.9891419600345341,
    0.9894856560634945,
    0.9898243850479077,
    0.9901553236402064,
    0.9904716341451035,
    0.9907781609863929,
    0.991078913447497,
    0.9913722814235509,
    0.9916566751193993,
    0.9919359118292722,
    0.992201102614284,
    0.992457087694787,
    0.9927062715988826,
    0.9929527716662196,
    0.9931880563771845,
    0.99341989501742,
    0.9936490344944814,
    0.9938741330928356,
    0.9940877481229713,
    0.9942984816736948,
    0.9944959819871758,
    0.9946930705170295,
    0.9948877463088043,
    0.9950753402007273,
    0.9952598370896107,
    0.9954360049343064,
    0.9956093838556707,
    0.9957788533641182,
    0.99594268234346,
    0.9961053329462919,
    0.9962611854837641,
    0.9964153403473393,
    0.9965614830794924,
    0.9967052442676465,
    0.9968473111701035,
    0.9969851042578952,
    0.997115312291712,
    0.9972427501401413,
    0.9973646871843659,
    0.9974793818029464,
    0.9975915995213701,
    0.9977001434635957,
    0.9978083640305935,
    0.9979104869209732,
    0.9980067404843456,
    0.9981025528792093,
    0.9981962845852707,
    0.9982879341385619,
    0.9983742784639086,
    0.998457451578349,
    0.9985396952975549,
    0.9986167711376203,
    0.998692127730945,
    0.9987640953268774,
    0.9988311036650502,
    0.9988961090201458,
    0.9989584988522549,
    0.99901871337162,
    0.9990748215534311,
    0.9991288459264511,
    0.9991817618675134,
    0.9992311389775209,
    0.9992796979749927,
    0.9993235761636083,
    0.9993665046664519,
    0.9994078736196459,
    0.999446943115529,
    0.9994848419717133,
    0.9995193120028035,
    0.9995517075041248,
    0.9995828103437674,
    0.9996122719289112,
    0.9996396033943966,
    0.9996655198554587,
    0.9996913195332288,
    0.9997156917313031,
    0.999738293016756,
    0.9997595474537458,
    0.9997801206516999,
    0.9997997323051555,
    0.9998171734092128,
    0.9998344271029908,
    0.9998505417406871,
    0.9998654511920637,
    0.9998790291148838,
    0.999891131013011,
    0.9999023708170616,
    0.9999124895763681,
    0.9999218803214933,
    0.9999307822776006,
    0.9999389111473084,
    0.9999463879004996,
    0.9999529314684458,
